id,firstname,lastname,email,gender,contactno,country,dob
1,Hakeem,Russo,lorem.ipsum.dolor@protonmail.org,Male,1-371-815-7795,New Zealand,32521
2,Derek,Bullock,mauris.ut@outlook.com,Male,(721) 883-5863,Nigeria,15-05-1990
3,Serina,Richardson,ligula.aenean.euismod@outlook.com,Female,1-271-873-3321,Philippines,23419
4,Oprah,Olsen,mauris.rhoncus.id@outlook.edu,Female,(791) 198-1671,Canada,8827
5,Paula,Gilbert,porta.elit.a@protonmail.com,Female,(427) 618-6258,Norway,6636
6,Fay,Kramer,augue.ut.lacus@aol.edu,Female,1-271-577-8627,Mexico,10801
7,Lareina,Todd,porttitor.vulputate@yahoo.couk,Female,1-653-526-5464,India,15-08-1985
8,Harper,Merritt,dui@aol.org,Male,(588) 451-2275,Ukraine,37238
9,Elaine,Webb,in@aol.org,Female,(855) 394-3233,Pakistan,14136-444
10,Alexis,Flowers,ornare.lectus@protonmail.ca,Female,1-644-362-8242,Poland,33845-76524
11,Roary,Vance,tempor.erat.neque@google.com,Male,1-260-488-0287,Austria,955523
12,Dale,Strong,hendrerit@aol.ca,Male,1-465-541-2777,India,518515
13,Dai,Griffith,nibh.quisque@yahoo.ca,Male,1-691-435-6515,Vietnam,B8N 7R7
14,Roth,Fletcher,enim.curabitur@hotmail.com,Male,(794) 357-6961,Chile,34-27
15,Felix,Mcintosh,mauris.blandit@google.edu,Male,1-355-771-8652,Peru,4183
16,Yoshi,Luna,a@hotmail.org,Female,1-817-552-5667,Canada,902836
17,Lawrence,Gibbs,aliquet.libero@icloud.org,Male,1-213-455-2698,Sweden,367400
18,Hayley,Moreno,sit.amet.dapibus@aol.edu,Female,(986) 945-1481,Belgium,1094
19,Orli,Bennett,leo.morbi.neque@outlook.org,Female,1-295-542-9747,Netherlands,21701
20,Tamara,Curtis,ut@icloud.ca,Female,(569) 368-2453,Russian Federation,313413
21,Jeremy,Thompson,lorem.sit.amet@yahoo.org,Male,1-316-692-4271,Italy,87416-35818
22,Maite,Lloyd,elit.pede.malesuada@protonmail.edu,Female,1-766-347-1841,South Africa,8186
23,Jerome,Patel,dolor.sit@google.couk,Male,(859) 231-7273,Poland,16686
24,Dara,Russell,volutpat@outlook.couk,Female,1-141-948-8311,Vietnam,1826
25,Debra,Mckinney,faucibus.id@yahoo.com,Female,1-685-686-9563,Philippines,9885-7565
26,Alea,Jensen,eu@yahoo.com,Female,1-386-177-4236,Turkey,5256
27,Akeem,Richmond,suspendisse@icloud.com,Male,1-558-367-3879,Norway,84552
28,Laurel,Powers,nunc@hotmail.edu,Female,1-706-442-2688,Germany,26885-04950
29,Melanie,Dotson,luctus.felis.purus@icloud.couk,Female,(884) 621-5847,Germany,63395
30,Cody,Leblanc,tempus.risus@aol.com,Male,1-923-466-7534,India,687373
31,Gary,Harris,tellus.sem.mollis@outlook.org,Male,(731) 180-6879,Mexico,24702
32,Uta,Eaton,eu.metus@protonmail.couk,Female,1-712-547-7556,Spain,74416
33,Jamal,Stevenson,a.dui@hotmail.edu,Male,(545) 520-5031,Costa Rica,W63 5NL
34,Chadwick,Holland,nisl@outlook.org,Male,(744) 210-5252,Singapore,7862
35,Silas,Stein,nulla.donec.non@icloud.couk,Male,1-729-864-7873,Russian Federation,88181
36,Howard,Wilcox,non.dapibus@yahoo.com,Male,(764) 125-7183,New Zealand,5274 RE
37,Catherine,Barnes,duis@aol.ca,Female,(493) 875-2868,Chile,66421
38,Kasimir,Woodard,cras.eget@aol.net,Male,1-721-725-3381,Turkey,G2X 3K3
39,Thaddeus,Underwood,pharetra.quisque.ac@icloud.edu,Male,(913) 191-6641,South Korea,P0G 2YC
40,Sasha,Pollard,vitae@aol.org,Female,1-844-235-3566,Vietnam,5021
41,Rhonda,Golden,curae.phasellus@protonmail.ca,Female,(582) 523-4240,France,8885-7279
42,Zelenia,Mathews,tellus.id@aol.org,Female,(825) 892-8553,New Zealand,743956
43,Donovan,Mitchell,tellus.sem@google.org,Male,(280) 689-8381,Norway,674833
44,Whilemina,Mullins,vulputate.lacus.cras@outlook.edu,Female,1-186-817-3088,China,60217
45,Vivian,Carney,id.ante.dictum@google.net,Female,(323) 590-8957,United Kingdom,14413
46,Kirsten,Oneal,risus.nunc.ac@hotmail.ca,Female,(762) 854-8264,India,141443
47,Colby,Huff,venenatis.vel@protonmail.org,Male,1-733-651-9234,United Kingdom,3489
48,Colton,Tanner,praesent@icloud.edu,Male,1-746-665-8091,Spain,38782
49,Allegra,Tanner,neque.sed@hotmail.org,Female,1-728-865-2356,Ukraine,6552
50,Calista,Montoya,nunc@hotmail.edu,Female,(396) 208-3554,Netherlands,3888
51,Erin Weeks,Ap #508-4413 Erat. St.,pulvinar@outlook.ca,Şanlıurfa,1-272-466-9339,Brazil,256959
